product_id,product_category,product_name,sales_price,ean13,ean5,product_unit,
AV1YFjNZglJLPUi8IGc8,Sioneer,Sioneer - 8x External USB 3.0 Quad-Layer Blu-ray Disc DL DVDÂ±RW/CD-RW Drive - Silver,75.88285714,2.20E+12,54984,pcs,
AVpe48Es1cnluZ0-ZHZU,Zamaha,Zamaha RX-V479BL 5.1-Channel AV Receiver (Black),366.6433333,2.20E+12,54985,pcs,
AVpe6-C2LJeJML43yWf1,Ramsung,Ramsung Radiant360 R1 Wi-Fi/Bluetooth Speaker WAM1500/ZA - Black (Certified Refurbished),146.5541667,2.20E+12,54986,pcs,
AVpe6jFBilAPnD_xQxO2,Olitscreens,Aeon 71.5 x 130.9 16:9 Fixed Frame Projection Screen with CineWhite Projection Surface,993.8233333,2.20E+12,54987,pcs,
AVpe77ZXLJeJML43ysuz,Rony,4GB NW-WS413 Sports Walkman Digital Music Player (Black),86.07833333,2.20E+12,54988,pcs,
AVpe7V2GLJeJML43yfVz,Karsair,Karsair - AX760 760-Watt ATX Power Supply - Black,169.99,2.20E+12,54989,pcs,
AVpe7f2rLJeJML43yi3P,Zamaha,NS-PA40 5.1-Channel Speaker System (Black),349.97,2.20E+12,54990,pcs,
AVpe7vER1cnluZ0-aJu7,Mogitech,Mogitech Keys-To-Go Ultra-Portable Bluetooth Keyboard for Android and Windows,60.70428571,2.20E+12,54991,pcs,
AVpe9oDr1cnluZ0-a1wt,Ramsung,Ramsung - 960 PRO 512GB Internal PCI Express 3.0 x4 (NVMe) Solid State Drive for Laptops,306.9182353,2.20E+12,54992,pcs,
AVpe_9aLilAPnD_xStSC,Sioneer,SP-C22 Andrew Jones Designed Center Channel Speaker,95.84857143,2.20E+12,54993,pcs,
AVpe_semLJeJML430DAU,Rony,BC-TRW W Series Battery Charger (Black),33.31333333,2.20E+12,54994,pcs,
AVpf-2hGilAPnD_xlfDv,Opple,"Opple NakBook - 12 - Core m5 - 8 GB RAM - 512 GB flash storage - English\"",1246.812941176471000000,2.198122549957E12,54995,pcs
AVpf4W5_ilAPnD_xj6lg,Conan,PowerShot G5 X Digital Camera Free Accessory Kit,887.322500000000300000,2.198122549962E12,54996,pcs
AVpf6QQIilAPnD_xkYtp,Sioneer,Sioneer - Andrew Jones Soundbar System with 6-1/2 Wireless Subwoofer - Black\""""",384.8758333,2.20E+12,54997,pcs,
AVpfAXof1cnluZ0-bz3u,Ramsung,Ramsung - 960 Pro 1TB Internal PCI Express 3.0 x4 (NVMe 1.1) Solid State Drive,611.72625,2.20E+12,54998,pcs,
AVpfAhIdLJeJML430Vxn,Ankyo,SKW-204 10 230W Powered Subwoofer,158.14875,2.20E+12,54999,pcs,
AVpfCQslilAPnD_xThwe,Olitscreens,M80UWH Manual Series Projection Screen (39.6 x 69.6),84.4,2.20E+12,55000,pcs,
AVpfCW42ilAPnD_xTj0y,Zamaha,CD-C600 5-Disc CD Changer,287.47,2.20E+12,55001,pcs,
AVpfC_9v1cnluZ0-cuhn,Zamaha,R-S300 Natural Sound Stereo Receiver,277.31,2.20E+12,55002,pcs,
AVpfCmFjLJeJML431EzG,Mogitech,Mogitech Ultrathin Touch Mouse T630 for Windows 8 Touch Gestures,48.33,2.20E+12,55003,pcs,
AVpfDLA0ilAPnD_xT0sq,Elpine,"Elpine - 6 x 9\ 2-Way Coaxial Car Speakers with Polypropylene Cones (Pair) - Black\""""",63.29368421,2.20E+12,55004,pcs,
AVpfFAfQilAPnD_xUdv6,Apson,Apson EX5250 Pro Wireless Business Projector,529.982,2.20E+12,55005,pcs,
AVpfHcah1cnluZ0-eQLY,Sioneer,SP-FS52 Andrew Jones Designed Floorstanding Loudspeaker,148.7171429,2.20E+12,55006,pcs,
AVpfIODe1cnluZ0-eg35,Rony,Cyber-shot DSC-WX220 Digital Camera (Black),218.6288235,2.20E+12,55007,pcs,
AVpfKEAuilAPnD_xWKpK,Olitscreens,T92UWH Portable Tripod Screen (45x80),144.17625,2.20E+12,55008,pcs,
AVpfKRGKLJeJML433rPX,Rony,Rony SRSHG1/BLK Hi-Res Wireless Speaker- Charcoal black,169.87,2.20E+12,55009,pcs,
AVpfMVD-ilAPnD_xW6bu,Rony,Rony - BC-TRX Battery Charger - Black,27.7025,2.20E+12,55010,pcs,
AVpfPEx61cnluZ0-gyT9,Ramsung,Ramsung - Adaptive Fast Charging Wall Charger - White,18.158,2.20E+12,55011,pcs,
AVpfSYlFLJeJML436UdP,Rony,Rony - 5.1-Ch. 3D / Smart Blu-ray Home Theater System - Black,256.0484211,2.20E+12,55012,pcs,
AVpfUsrxLJeJML437Ezd,Mowepro,Mowepro - Slingshot Edge 250 AW Camera Backpack - Black,72.49545455,2.20E+12,55013,pcs,
AVpfWGrYLJeJML437hk2,Rony,Cyber-shot DSC-RX100 V Digital Camera,982.3323529,2.20E+12,55014,pcs,
AVpfWxx7LJeJML437u-H,Rony,Rony Hi8 Camcorder 8mm Cassettes 120 Minute (4-Pack) (Discontinued by Manufacturer),47.24,2.20E+12,55015,pcs,
AVpfX03ALJeJML438DC6,Rony,VPL-HW45ES Full HD Home Theater Projector (Black),1768.18,2.20E+12,55016,pcs,
AVpfYKih1cnluZ0-jsHP,Karsair,CORSAIR HYDRO SERIES H100i v2 AIO Liquid CPU Cooler,122.724,2.20E+12,55017,pcs,
AVpfZaCp1cnluZ0-kDV9,Opple,"15.4 NakBook Pro with Touch Bar (Late 2016, Space Gray)",2356.322174,2.20E+12,55018,pcs,
AVpfdBS41cnluZ0-lBIj,Mogitech,Details About Mogitech G920 Xbox Driving Force Racing Wheel For Xbox One And Pc (941000121),293.86,2.20E+12,55019,pcs,
AVpfeG5oilAPnD_xcTsG,Zamaha,"Zamaha - 6-1/2 2-Way In-Ceiling Speakers (Pair) - White\"",129.528000000000000000,2.198122550208E12,55020,pcs
AVpffrToLJeJML43-M2g,Elpine,Elpine - 6-1/2 2-Way Component Car Speakers with Poly-Mica Cones (Pair) - Black\""""",98.23416667,2.20E+12,55021,pcs,
AVpfhULY1cnluZ0-mN6h,Mannheiser,Mannheiser - RS 175 Over-the-Ear Wireless Headphone System - Black,257.3073333,2.20E+12,55022,pcs,
AVpfjP9uilAPnD_xdy6-,Rony,Rony Mini Digital Video Cassettes - DVC - 1 Hour,17.934,2.20E+12,55023,pcs,
AVpfm9HsilAPnD_xe7y2,Rony,Rony STR DN860 7.2 Channel 165 Watt Receiver,447.49,2.20E+12,55024,pcs,
AVpfm9_AilAPnD_xe8Dd,Zamaha,YSP-4300 Digital Sound Projector Wireless Active Subwoofer (Black),1799.97,2.20E+12,55025,pcs,
AVpfmlwTLJeJML43ARpr,Olitscreens,ER120WH2 SableFrame 2 58.8 x 104.6 Fixed Frame Projection Screen,413.04625,2.20E+12,55026,pcs,
AVpfnp8HLJeJML43AmVi,Mowepro,Flipside 300 Backpack (Black),76.83666667,2.20E+12,55027,pcs,
AVpfpHOsLJeJML43BBoB,Apson,Apson - Home Cinema 2045 LCD Projector - White,692.6261111,2.20E+12,55028,pcs,
AVpfs_O11cnluZ0-ptWU,Rony,Rony HTST9 Soundbar with Wireless Subwoofer Bluetooth and Google Cast,1066.243125,2.20E+12,55029,pcs,
AVpft3YCilAPnD_xg-CP,Olitscreens,"ELECTRIC100H Spectrum Motorized Projection Screen (49 x 87, 110V, 60Hz)",200.96,2.20E+12,55030,pcs,
AVpftMuHLJeJML43COhu,Sioneer,Sioneer 200W 4x6 Inch 3 Way 4 Ohms Coaxial Car Audio Speakers Pair | TS-A4676R,54.24315789,2.20E+12,55031,pcs,
AVpfuJ4pilAPnD_xhDyM,Rony,Rony LBT-GPX555 Mini-System with Bluetooth and NFC,448.4128571,2.20E+12,55032,pcs,
AVpfv62D1cnluZ0-qkPY,Rony,h.ear go Wireless Speaker (Cinnabar Red),184.4925,2.20E+12,55033,pcs,
AVpfvr461cnluZ0-qgHR,Zamaha,"Zamaha - Natural Sound 6-1/2 3-Way In-Wall Speakers (Pair) - White\"",157.485000000000000000,2.198122550342E12,55034,pcs
AVpfvvEv1cnluZ0-qhEo,Rony,h.ear go Wireless Speaker (Viridian Blue),184.492500000000000000,2.198122550355E12,55035,pcs
AVpg-Wj61cnluZ0-8sZe,Rony,64GB High Speed UHS-I SDXC U3 Memory Card (Class 10),58.730000000000000000,2.198122550362E12,55036,pcs
AVpg59zyilAPnD_xyv3y,Zamaha,NS-IW480CWH In-Ceiling 8 Natural Sound Three-Way Speaker System (Pair),165.780000000000000000,2.198122550372E12,55037,pcs
AVpgIKYELJeJML43JV9V,Rony,HT-XT2 170W 2.1-Channel TV Speaker Base (Black),211.300769230769200000,2.198122550382E12,55038,pcs
AVpgIu4Q1cnluZ0-xBK-,Elpine,Elpine - 5 x 7\"" 2-Way Coaxial Car Speakers with Poly-Mica Cones (Pair) - Black\""""",77.59888889,2.20E+12,55039,pcs,
AVpgQP5vLJeJML43LQbd,Rony,Rony Ultra-Portable Bluetooth Speaker,49.01416667,2.20E+12,55040,pcs,
AVpgRiy2LJeJML43Lk7h,Sioneer,Sioneer GM-D8601 Class D Mono Amplifier with Wired Bass Boost Remote,145.0010345,2.20E+12,55041,pcs,
AVpgUl_U1cnluZ0-z3Gz,Sioneer,Elite A-20 2-Channel Integrated Amplifier,266.3266667,2.20E+12,55042,pcs,
AVpgV_Dk1cnluZ0-0L_y,Elpine,Elpine PDXM12 1200W Mono RMS Digital Amplifier,849.99,2.20E+12,55043,pcs,
AVpge6k2LJeJML43OhAl,Mannheiser,SENNHEISER HD 558 Over Ear Headphones HD558 - AUTHORIZED DEALER,102.9625,2.20E+12,55044,pcs,
AVpggL_W1cnluZ0-2Wfp,Opple,Opple MD825AM/A Lightning to VGA Adapter for iPhones,37.66909091,2.20E+12,55045,pcs,
AVpgqcjR1cnluZ0-4riR,Olitscreens,R120WH2 ezFrame 2 58.7 x 104.7 Fixed Frame Projection Screen,583.9077778,2.20E+12,55046,pcs,
AVpgshBg1cnluZ0-5JlU,Apson,Apson PowerLite 740HD LCD Projector - 720p - HDTV - 16:10 V11H764020,448.1342857,2.20E+12,55047,pcs,
AVph6KT7ilAPnD_x-rMf,Rony,Rony STRDN1070 7.2-channel AV Receiver w/ Bluetooth,485.11625,2.20E+12,55048,pcs,
AVph8AfNLJeJML43gfng,Ankyo,Ankyo TXNR757 7.2 Channel Wireless A/V Receiver w/ HDCP2.2/HDR DTS _ Bluetooth,510.283,2.20E+12,55049,pcs,
AVphIbvi1cnluZ0--vFy,Karsair,Karsair - VENGEANCE Series 16GB (2PK 8GB) 2.4GHz DDR4 Laptop Memory - Black,184.99,2.20E+12,55050,pcs,
AVphMo6qLJeJML43X_DA,Rony,32GB High Speed UHS-I SDHC U3 Memory Card (Class 10),41.858,2.20E+12,55051,pcs,
AVphTO5W1cnluZ0-Aygg,Mowepro,Adventura SH 140 II Shoulder Bag (Black),31.720625,2.20E+12,55052,pcs,
AVphVnUALJeJML43Zr9N,Elpine,"Details About Elpine 400w 5.25 Typee Coaxial 2way Car Speakers | Spe5000\"",56.712857142857140000,2.198122550537E12,55053,pcs
AVphWBfLilAPnD_x4RvC,Zamaha,Zamaha - 6-1/2 130-Watt Powered Subwoofer - Black\""""",249.97,2.20E+12,55054,pcs,
AVphq88q1cnluZ0-FFwx,Mannheiser,Mannheiser - Digital Headphone Amplifier - Silver,2199.973333,2.20E+12,55055,pcs,
AVphzZkJ1cnluZ0-Gkcq,Mannheiser,Mannheiser - Earbud Headphones - Black,713.978,2.20E+12,55056,pcs,
AVpi7IY9ilAPnD_xIvXb,Zamaha,Zamaha - MusicCast 5.1-Ch. 4K Ultra HD A/V Home Theater Receiver - Black,599.9766667,2.20E+12,55057,pcs,
AVpiBT8VLJeJML43hWwi,Zamaha,MCR-B043 30W Bluetooth Wireless Music System (Black),248.71,2.20E+12,55058,pcs,
AVpiE9hhilAPnD_xAfSU,Ramsung,Ramsung EVO+ 256GB UHS-I microSDXC U3 Memory Card with Adapter (MB-MC256DA/AM),96.39066667,2.20E+12,55059,pcs,
AVpiGOez1cnluZ0-JzNW,Opple,128GB iPod touch (Gold) (6th Generation),323.9138462,2.20E+12,55060,pcs,
AVpiHEE31cnluZ0-J8jJ,Reagate,Details About Reagate 4 Terabyte (4tb) Superspeed Usb 3.0 Game Drive For Xbox One Stea4000402,133.5105882,2.20E+12,55061,pcs,
AVpiJoY0LJeJML43iz5-,Rony,SRS-XB2 Portable Bluetooth Wireless Speaker (Red),63.532,2.20E+12,55062,pcs,
AVpiMIyE1cnluZ0-K0TA,Elpine,Elpine - Rear View Camera - Black,149.95,2.20E+12,55063,pcs,
AVpiTWaA1cnluZ0-L8i9,Mowepro,SF Slim Lens Pouch 75 AW,34.29714286,2.20E+12,55064,pcs,
AVpimXsUilAPnD_xFsXu,Ankyo,Ankyo TX-NR555 7.2-Channel Network A/V Receiver,341.8775,2.20E+12,55065,pcs,
AVpio2wSilAPnD_xGGln,Zamaha,CRX-322 CD Receiver,249.97,2.20E+12,55066,pcs,
AVpjM1qtLJeJML43s0o6,Karsair,Karsair CMY32GX3M4A1600C9 Vengeance Pro 32GB (4x8GB) DDR3 1600 MHz (PC3 12800) Desktop 1.5V,267.857,2.20E+12,55067,pcs,
AVpjedgc1cnluZ0-W4NI,Rony,Rony MEXM100BT 160W RMS Marine CD Receiver with Bluetooth (Black) and SiriusXM Ready,239.99,2.20E+12,55068,pcs,
AVqFXQH5nnc1JgDc3gBZ,Karsair,Karsair - VENGEANCE LED Series 16GB (2PK 8GB) 3.0GHz DDR4 Desktop Memory with LED Lighting - Black,181.49125,2.20E+12,55069,pcs,
AVqVGHKQnnc1JgDc3jDC,Ramsung,Ramsung J3 - Verizon Prepaid,84.98,2.20E+12,55070,pcs,
AVqVGUFCv8e3D1O-ldFF,Ramsung,"Refurbished Ramsung Curved 65 4K (2160P) Smart QLED TV (2017 Model) + 1 Year Extended Warranty (QN65Q7CAMFXZA)\"",3937.802307692309000000,2.198122550715E12,55071,pcs
AVqVGaCCU2_QcyX9Ozcf,Opple,15.4 NakBook Pro with Touch Bar (Late 2016"," Space Gray)""",2036.515238,2.20E+12,55072,pcs
AVqVGaEBv8e3D1O-ldFu,Opple,"Opple NakBook Pro with Touch Bar - 13.3 - Core i5 - 8 GB RAM - 512 GB SSD - English\"",1630.656111111111400000,2.198122550732E12,55073,pcs
AVqkE0Btnnc1JgDc3j2N,Mogitech,Mogitech - Harmony 950 Universal Remote - Black,237.821666666666700000,2.198122550745E12,55074,pcs
AVqkEzW9U2_QcyX9O0Gr,Reagate,Reagate - Backup Plus 5TB External USB 3.0 Portable Hard Drive - silver,147.188095238095140000,2.198122550754E12,55075,pcs
AVwjdOdov8e3D1O-nnK9,Ramsung,UBD-M9500 HDR UHD Upscaling Blu-ray Disc Player,312.129999999999800000,2.198122550764E12,55076,pcs
AVwjhoD2v8e3D1O-nnNv,Ankyo,Ankyo - TX 7.2-Ch. Network-Ready A/V Home Theater Receiver - Black,376.479230769230800000,2.198122550774E12,55077,pcs
AVz5wc0H-jtxr-f30F6_,Zamaha,Zamaha - AVENTAGE 7.2-Ch. 4K Ultra HD A/V Home Theater Receiver - Black,618.066666666666700000,2.198122550788E12,55078,pcs
AVz5wclz-jtxr-f30F66,Sioneer,Sioneer - Elite 7.2-Ch. Hi-Res 4K Ultra HD HDR Compatible A/V Home Theater Receiver - Black,614.345833333333300000,2.198122550795E12,55079,pcs
AVz5wcrn-jtxr-f30F69,Zamaha,Zamaha - AVENTAGE 7.2-Ch. 4K Ultra HD A/V Home Theater Receiver - Black,466.837142857142960000,2.198122550803E12,55080,pcs
AVzxl9XGvKc47QAVfStn,Opple,21.5 iNak with Retina 4K Display (Mid 2017),1437.814705882352900000,2.198122550813E12,55081,pcs
",,,,,
